"File","Pattern","Replacement"
"C:\active_projects\mbu\website_build\mbu-website\books.html","src=""assets/img/","src=""https://mbu-assets.vercel.app/img/"
"C:\active_projects\mbu\website_build\mbu-website\books.html","assets/img/([A-Za-z0-9_\-\/]+)/images\.json","https://mbu-assets.vercel.app/img/$1/images.json"
"C:\active_projects\mbu\website_build\mbu-website\books.html","src=""assets/js/site\.js""","src=""js/site.js"""
"C:\active_projects\mbu\website_build\mbu-website\books.html","href=""assets/css/style\.css""","href=""css/style.css"""
"C:\active_projects\mbu\website_build\mbu-website\books.html","src=""assets/js/carousel\.js""","src=""js/carousel.js"""
"C:\active_projects\mbu\website_build\mbu-website\carousel.html","src=""assets/img/","src=""https://mbu-assets.vercel.app/img/"
"C:\active_projects\mbu\website_build\mbu-website\carousel.html","assets/img/([A-Za-z0-9_\-\/]+)/images\.json","https://mbu-assets.vercel.app/img/$1/images.json"
"C:\active_projects\mbu\website_build\mbu-website\carousel.html","src=""assets/js/site\.js""","src=""js/site.js"""
"C:\active_projects\mbu\website_build\mbu-website\carousel.html","href=""assets/css/style\.css""","href=""css/style.css"""
"C:\active_projects\mbu\website_build\mbu-website\carousel.html","src=""assets/js/carousel\.js""","src=""js/carousel.js"""
"C:\active_projects\mbu\website_build\mbu-website\cartwheels.html","src=""assets/img/","src=""https://mbu-assets.vercel.app/img/"
"C:\active_projects\mbu\website_build\mbu-website\cartwheels.html","assets/img/([A-Za-z0-9_\-\/]+)/images\.json","https://mbu-assets.vercel.app/img/$1/images.json"
"C:\active_projects\mbu\website_build\mbu-website\cartwheels.html","src=""assets/js/site\.js""","src=""js/site.js"""
"C:\active_projects\mbu\website_build\mbu-website\cartwheels.html","href=""assets/css/style\.css""","href=""css/style.css"""
"C:\active_projects\mbu\website_build\mbu-website\cartwheels.html","src=""assets/js/carousel\.js""","src=""js/carousel.js"""
"C:\active_projects\mbu\website_build\mbu-website\clothing.html","src=""assets/img/","src=""https://mbu-assets.vercel.app/img/"
"C:\active_projects\mbu\website_build\mbu-website\clothing.html","assets/img/([A-Za-z0-9_\-\/]+)/images\.json","https://mbu-assets.vercel.app/img/$1/images.json"
"C:\active_projects\mbu\website_build\mbu-website\clothing.html","src=""assets/js/site\.js""","src=""js/site.js"""
"C:\active_projects\mbu\website_build\mbu-website\clothing.html","href=""assets/css/style\.css""","href=""css/style.css"""
"C:\active_projects\mbu\website_build\mbu-website\clothing.html","src=""assets/js/carousel\.js""","src=""js/carousel.js"""
"C:\active_projects\mbu\website_build\mbu-website\fbttd-v1.html","src=""assets/img/","src=""https://mbu-assets.vercel.app/img/"
"C:\active_projects\mbu\website_build\mbu-website\fbttd-v1.html","src=""assets/js/site\.js""","src=""js/site.js"""
"C:\active_projects\mbu\website_build\mbu-website\fbttd-v1.html","href=""assets/css/style\.css""","href=""css/style.css"""
"C:\active_projects\mbu\website_build\mbu-website\fbttd-v2.html","src=""assets/img/","src=""https://mbu-assets.vercel.app/img/"
"C:\active_projects\mbu\website_build\mbu-website\fbttd-v2.html","assets/img/([A-Za-z0-9_\-\/]+)/images\.json","https://mbu-assets.vercel.app/img/$1/images.json"
"C:\active_projects\mbu\website_build\mbu-website\fbttd-v2.html","src=""assets/js/site\.js""","src=""js/site.js"""
"C:\active_projects\mbu\website_build\mbu-website\fbttd-v2.html","href=""assets/css/style\.css""","href=""css/style.css"""
"C:\active_projects\mbu\website_build\mbu-website\fbttd-v2.html","src=""assets/js/carousel\.js""","src=""js/carousel.js"""
"C:\active_projects\mbu\website_build\mbu-website\fbttd-v3.html","src=""assets/img/","src=""https://mbu-assets.vercel.app/img/"
"C:\active_projects\mbu\website_build\mbu-website\fbttd-v3.html","assets/img/([A-Za-z0-9_\-\/]+)/images\.json","https://mbu-assets.vercel.app/img/$1/images.json"
"C:\active_projects\mbu\website_build\mbu-website\fbttd-v3.html","src=""assets/js/site\.js""","src=""js/site.js"""
"C:\active_projects\mbu\website_build\mbu-website\fbttd-v3.html","href=""assets/css/style\.css""","href=""css/style.css"""
"C:\active_projects\mbu\website_build\mbu-website\fbttd-v3.html","src=""assets/js/carousel\.js""","src=""js/carousel.js"""
"C:\active_projects\mbu\website_build\mbu-website\fbttd-v4.html","src=""assets/img/","src=""https://mbu-assets.vercel.app/img/"
"C:\active_projects\mbu\website_build\mbu-website\fbttd-v4.html","assets/img/([A-Za-z0-9_\-\/]+)/images\.json","https://mbu-assets.vercel.app/img/$1/images.json"
"C:\active_projects\mbu\website_build\mbu-website\fbttd-v4.html","src=""assets/js/site\.js""","src=""js/site.js"""
"C:\active_projects\mbu\website_build\mbu-website\fbttd-v4.html","href=""assets/css/style\.css""","href=""css/style.css"""
"C:\active_projects\mbu\website_build\mbu-website\fbttd-v4.html","src=""assets/js/carousel\.js""","src=""js/carousel.js"""
"C:\active_projects\mbu\website_build\mbu-website\index.html","src=""assets/img/","src=""https://mbu-assets.vercel.app/img/"
"C:\active_projects\mbu\website_build\mbu-website\index.html","src=""assets/js/site\.js""","src=""js/site.js"""
"C:\active_projects\mbu\website_build\mbu-website\index.html","href=""assets/css/style\.css""","href=""css/style.css"""
"C:\active_projects\mbu\website_build\mbu-website\index_demo.html","src=""assets/img/","src=""https://mbu-assets.vercel.app/img/"
"C:\active_projects\mbu\website_build\mbu-website\lucy-5-lakes.html","src=""assets/img/","src=""https://mbu-assets.vercel.app/img/"
"C:\active_projects\mbu\website_build\mbu-website\lucy-5-lakes.html","src=""assets/js/site\.js""","src=""js/site.js"""
"C:\active_projects\mbu\website_build\mbu-website\lucy-5-lakes.html","href=""assets/css/style\.css""","href=""css/style.css"""
"C:\active_projects\mbu\website_build\mbu-website\mbu-book.html","src=""assets/img/","src=""https://mbu-assets.vercel.app/img/"
"C:\active_projects\mbu\website_build\mbu-website\mbu-book.html","assets/img/([A-Za-z0-9_\-\/]+)/images\.json","https://mbu-assets.vercel.app/img/$1/images.json"
"C:\active_projects\mbu\website_build\mbu-website\mbu-book.html","src=""assets/js/site\.js""","src=""js/site.js"""
"C:\active_projects\mbu\website_build\mbu-website\mbu-book.html","href=""assets/css/style\.css""","href=""css/style.css"""
"C:\active_projects\mbu\website_build\mbu-website\mbu-book.html","src=""assets/js/carousel\.js""","src=""js/carousel.js"""
"C:\active_projects\mbu\website_build\mbu-website\mbu-song.html","src=""assets/img/","src=""https://mbu-assets.vercel.app/img/"
"C:\active_projects\mbu\website_build\mbu-website\mbu-song.html","assets/img/([A-Za-z0-9_\-\/]+)/images\.json","https://mbu-assets.vercel.app/img/$1/images.json"
"C:\active_projects\mbu\website_build\mbu-website\mbu-song.html","src=""assets/js/site\.js""","src=""js/site.js"""
"C:\active_projects\mbu\website_build\mbu-website\mbu-song.html","href=""assets/css/style\.css""","href=""css/style.css"""
"C:\active_projects\mbu\website_build\mbu-website\mbu-song.html","src=""assets/js/carousel\.js""","src=""js/carousel.js"""
"C:\active_projects\mbu\website_build\mbu-website\momm.html","src=""assets/js/carousel\.js""","src=""js/carousel.js"""
"C:\active_projects\mbu\website_build\mbu-website\momm.html","href=""assets/css/style\.css""","href=""css/style.css"""
"C:\active_projects\mbu\website_build\mbu-website\momm.html","src=""assets/js/site\.js""","src=""js/site.js"""
"C:\active_projects\mbu\website_build\mbu-website\momm.html","assets/img/([A-Za-z0-9_\-\/]+)/images\.json","https://mbu-assets.vercel.app/img/$1/images.json"
"C:\active_projects\mbu\website_build\mbu-website\momm.html","src=""assets/img/","src=""https://mbu-assets.vercel.app/img/"
"C:\active_projects\mbu\website_build\mbu-website\momm-book.html","src=""assets/js/carousel\.js""","src=""js/carousel.js"""
"C:\active_projects\mbu\website_build\mbu-website\momm-book.html","href=""assets/css/style\.css""","href=""css/style.css"""
"C:\active_projects\mbu\website_build\mbu-website\momm-book.html","src=""assets/js/site\.js""","src=""js/site.js"""
"C:\active_projects\mbu\website_build\mbu-website\momm-book.html","assets/img/([A-Za-z0-9_\-\/]+)/images\.json","https://mbu-assets.vercel.app/img/$1/images.json"
"C:\active_projects\mbu\website_build\mbu-website\momm-book.html","src=""assets/img/","src=""https://mbu-assets.vercel.app/img/"
"C:\active_projects\mbu\website_build\mbu-website\songs.html","src=""assets/img/","src=""https://mbu-assets.vercel.app/img/"
"C:\active_projects\mbu\website_build\mbu-website\songs.html","assets/img/([A-Za-z0-9_\-\/]+)/images\.json","https://mbu-assets.vercel.app/img/$1/images.json"
"C:\active_projects\mbu\website_build\mbu-website\songs.html","src=""assets/js/site\.js""","src=""js/site.js"""
"C:\active_projects\mbu\website_build\mbu-website\songs.html","href=""assets/css/style\.css""","href=""css/style.css"""
"C:\active_projects\mbu\website_build\mbu-website\songs.html","src=""assets/js/carousel\.js""","src=""js/carousel.js"""
"C:\active_projects\mbu\website_build\mbu-website\story.html","src=""assets/img/","src=""https://mbu-assets.vercel.app/img/"
"C:\active_projects\mbu\website_build\mbu-website\story.html","assets/img/([A-Za-z0-9_\-\/]+)/images\.json","https://mbu-assets.vercel.app/img/$1/images.json"
"C:\active_projects\mbu\website_build\mbu-website\story.html","src=""assets/js/site\.js""","src=""js/site.js"""
"C:\active_projects\mbu\website_build\mbu-website\story.html","href=""assets/css/style\.css""","href=""css/style.css"""
"C:\active_projects\mbu\website_build\mbu-website\story.html","src=""assets/js/carousel\.js""","src=""js/carousel.js"""
"C:\active_projects\mbu\website_build\mbu-website\threepanel.html","src=""assets/img/","src=""https://mbu-assets.vercel.app/img/"
"C:\active_projects\mbu\website_build\mbu-website\threepanel.html","assets/img/([A-Za-z0-9_\-\/]+)/images\.json","https://mbu-assets.vercel.app/img/$1/images.json"
"C:\active_projects\mbu\website_build\mbu-website\threepanel.html","src=""assets/js/site\.js""","src=""js/site.js"""
"C:\active_projects\mbu\website_build\mbu-website\threepanel.html","href=""assets/css/style\.css""","href=""css/style.css"""
"C:\active_projects\mbu\website_build\mbu-website\threepanel.html","src=""assets/js/carousel\.js""","src=""js/carousel.js"""
"C:\active_projects\mbu\website_build\mbu-website\woodworking.html","src=""assets/img/","src=""https://mbu-assets.vercel.app/img/"
"C:\active_projects\mbu\website_build\mbu-website\woodworking.html","assets/img/([A-Za-z0-9_\-\/]+)/images\.json","https://mbu-assets.vercel.app/img/$1/images.json"
"C:\active_projects\mbu\website_build\mbu-website\woodworking.html","src=""assets/js/site\.js""","src=""js/site.js"""
"C:\active_projects\mbu\website_build\mbu-website\woodworking.html","href=""assets/css/style\.css""","href=""css/style.css"""
"C:\active_projects\mbu\website_build\mbu-website\woodworking.html","src=""assets/js/carousel\.js""","src=""js/carousel.js"""
