action,file,cdn_url,status,notes
delete,C:\active_projects\mbu\website_build\mbu-website\assets\img\findbruno\fblogo.png,https://mbu-assets.vercel.app/img/findbruno/fblogo.png,deleted_from_code,CDN 200; removed from code repo
delete,C:\active_projects\mbu\website_build\mbu-website\assets\img\story\Magnificent Michigan Epoxy Table 004.png,https://mbu-assets.vercel.app/img/story/Magnificent Michigan Epoxy Table 004.png,deleted_from_code,CDN 200; removed from code repo
delete,C:\active_projects\mbu\website_build\mbu-website\assets\img\woodworking\Logo 1 no background TM use as main.png,https://mbu-assets.vercel.app/img/woodworking/Logo 1 no background TM use as main.png,deleted_from_code,CDN 200; removed from code repo
delete,C:\active_projects\mbu\website_build\mbu-website\assets\img\woodworking\Magnificent Michigan Epoxy Table 004.png,https://mbu-assets.vercel.app/img/woodworking/Magnificent Michigan Epoxy Table 004.png,deleted_from_code,CDN 200; removed from code repo
delete,C:\active_projects\mbu\website_build\mbu-website\assets\img\woodworking\Magnificent Michigan Epoxy Table 038.PNG,https://mbu-assets.vercel.app/img/woodworking/Magnificent Michigan Epoxy Table 038.PNG,deleted_from_code,CDN 200; removed from code repo
delete,C:\active_projects\mbu\website_build\mbu-website\assets\img\books\MBU Book Cover.jpg,https://mbu-assets.vercel.app/img/books/MBU Book Cover.jpg,deleted_from_code,CDN 200; removed from code repo
delete,C:\active_projects\mbu\website_build\mbu-website\assets\img\books\MBU Book002.jpg,https://mbu-assets.vercel.app/img/books/MBU Book002.jpg,deleted_from_code,CDN 200; removed from code repo
delete,C:\active_projects\mbu\website_build\mbu-website\assets\img\books\MBU Book003.jpg,https://mbu-assets.vercel.app/img/books/MBU Book003.jpg,deleted_from_code,CDN 200; removed from code repo
delete,C:\active_projects\mbu\website_build\mbu-website\assets\img\books\MBU Book004.jpg,https://mbu-assets.vercel.app/img/books/MBU Book004.jpg,deleted_from_code,CDN 200; removed from code repo
delete,C:\active_projects\mbu\website_build\mbu-website\assets\img\books\MBU Book005.jpg,https://mbu-assets.vercel.app/img/books/MBU Book005.jpg,deleted_from_code,CDN 200; removed from code repo
delete,C:\active_projects\mbu\website_build\mbu-website\assets\img\books\MBU Book006.jpg,https://mbu-assets.vercel.app/img/books/MBU Book006.jpg,deleted_from_code,CDN 200; removed from code repo
delete,C:\active_projects\mbu\website_build\mbu-website\assets\img\clothing\1st EXP.jpg,https://mbu-assets.vercel.app/img/clothing/1st EXP.jpg,deleted_from_code,CDN 200; removed from code repo
delete,C:\active_projects\mbu\website_build\mbu-website\assets\img\clothing\Dog 1.JPG,https://mbu-assets.vercel.app/img/clothing/Dog 1.JPG,deleted_from_code,CDN 200; removed from code repo
delete,C:\active_projects\mbu\website_build\mbu-website\assets\img\clothing\Dog 10.JPG,https://mbu-assets.vercel.app/img/clothing/Dog 10.JPG,deleted_from_code,CDN 200; removed from code repo
delete,C:\active_projects\mbu\website_build\mbu-website\assets\img\clothing\dog 1c.JPG,https://mbu-assets.vercel.app/img/clothing/dog 1c.JPG,deleted_from_code,CDN 200; removed from code repo
delete,C:\active_projects\mbu\website_build\mbu-website\assets\img\clothing\Dog 2.JPG,https://mbu-assets.vercel.app/img/clothing/Dog 2.JPG,deleted_from_code,CDN 200; removed from code repo
delete,C:\active_projects\mbu\website_build\mbu-website\assets\img\clothing\Dog 3.JPG,https://mbu-assets.vercel.app/img/clothing/Dog 3.JPG,deleted_from_code,CDN 200; removed from code repo
delete,C:\active_projects\mbu\website_build\mbu-website\assets\img\clothing\Dog 4.JPG,https://mbu-assets.vercel.app/img/clothing/Dog 4.JPG,deleted_from_code,CDN 200; removed from code repo
delete,C:\active_projects\mbu\website_build\mbu-website\assets\img\clothing\Dog 4a.JPG,https://mbu-assets.vercel.app/img/clothing/Dog 4a.JPG,deleted_from_code,CDN 200; removed from code repo
delete,C:\active_projects\mbu\website_build\mbu-website\assets\img\clothing\Dog 5.JPG,https://mbu-assets.vercel.app/img/clothing/Dog 5.JPG,deleted_from_code,CDN 200; removed from code repo
delete,C:\active_projects\mbu\website_build\mbu-website\assets\img\clothing\Dog 6.JPG,https://mbu-assets.vercel.app/img/clothing/Dog 6.JPG,deleted_from_code,CDN 200; removed from code repo
delete,C:\active_projects\mbu\website_build\mbu-website\assets\img\clothing\Dog 7.JPG,https://mbu-assets.vercel.app/img/clothing/Dog 7.JPG,deleted_from_code,CDN 200; removed from code repo
delete,C:\active_projects\mbu\website_build\mbu-website\assets\img\clothing\Dog 8.JPG,https://mbu-assets.vercel.app/img/clothing/Dog 8.JPG,deleted_from_code,CDN 200; removed from code repo
delete,C:\active_projects\mbu\website_build\mbu-website\assets\img\clothing\Dog 9..JPG,https://mbu-assets.vercel.app/img/clothing/Dog 9..JPG,deleted_from_code,CDN 200; removed from code repo
delete,C:\active_projects\mbu\website_build\mbu-website\assets\img\clothing\Dog 9a.JPG,https://mbu-assets.vercel.app/img/clothing/Dog 9a.JPG,deleted_from_code,CDN 200; removed from code repo
delete,C:\active_projects\mbu\website_build\mbu-website\assets\img\clothing\FBTTD a.JPG,https://mbu-assets.vercel.app/img/clothing/FBTTD a.JPG,deleted_from_code,CDN 200; removed from code repo
delete,C:\active_projects\mbu\website_build\mbu-website\assets\img\clothing\FBTTD b.JPG,https://mbu-assets.vercel.app/img/clothing/FBTTD b.JPG,deleted_from_code,CDN 200; removed from code repo
delete,C:\active_projects\mbu\website_build\mbu-website\assets\img\clothing\FBTTD c.JPG,https://mbu-assets.vercel.app/img/clothing/FBTTD c.JPG,deleted_from_code,CDN 200; removed from code repo
delete,C:\active_projects\mbu\website_build\mbu-website\assets\img\clothing\FBTTD d.JPG,https://mbu-assets.vercel.app/img/clothing/FBTTD d.JPG,deleted_from_code,CDN 200; removed from code repo
delete,C:\active_projects\mbu\website_build\mbu-website\assets\img\clothing\FBTTD e.JPG,https://mbu-assets.vercel.app/img/clothing/FBTTD e.JPG,deleted_from_code,CDN 200; removed from code repo
delete,C:\active_projects\mbu\website_build\mbu-website\assets\img\clothing\FBTTD f.JPG,https://mbu-assets.vercel.app/img/clothing/FBTTD f.JPG,deleted_from_code,CDN 200; removed from code repo
delete,C:\active_projects\mbu\website_build\mbu-website\assets\img\clothing\IBIW a.JPG,https://mbu-assets.vercel.app/img/clothing/IBIW a.JPG,deleted_from_code,CDN 200; removed from code repo
delete,C:\active_projects\mbu\website_build\mbu-website\assets\img\clothing\ibiw aa.JPG,https://mbu-assets.vercel.app/img/clothing/ibiw aa.JPG,deleted_from_code,CDN 200; removed from code repo
delete,C:\active_projects\mbu\website_build\mbu-website\assets\img\clothing\ibiw b.JPG,https://mbu-assets.vercel.app/img/clothing/ibiw b.JPG,deleted_from_code,CDN 200; removed from code repo
delete,C:\active_projects\mbu\website_build\mbu-website\assets\img\clothing\ibiw c.JPG,https://mbu-assets.vercel.app/img/clothing/ibiw c.JPG,deleted_from_code,CDN 200; removed from code repo
delete,C:\active_projects\mbu\website_build\mbu-website\assets\img\clothing\ibiw d.JPG,https://mbu-assets.vercel.app/img/clothing/ibiw d.JPG,deleted_from_code,CDN 200; removed from code repo
delete,C:\active_projects\mbu\website_build\mbu-website\assets\img\clothing\ibiw e.JPG,https://mbu-assets.vercel.app/img/clothing/ibiw e.JPG,deleted_from_code,CDN 200; removed from code repo
delete,C:\active_projects\mbu\website_build\mbu-website\assets\img\clothing\ibiw f.JPG,https://mbu-assets.vercel.app/img/clothing/ibiw f.JPG,deleted_from_code,CDN 200; removed from code repo
delete,C:\active_projects\mbu\website_build\mbu-website\assets\img\clothing\ibiw g.JPG,https://mbu-assets.vercel.app/img/clothing/ibiw g.JPG,deleted_from_code,CDN 200; removed from code repo
delete,C:\active_projects\mbu\website_build\mbu-website\assets\img\clothing\ibiw h.JPG,https://mbu-assets.vercel.app/img/clothing/ibiw h.JPG,deleted_from_code,CDN 200; removed from code repo
delete,C:\active_projects\mbu\website_build\mbu-website\assets\img\clothing\ibiw i.JPG,https://mbu-assets.vercel.app/img/clothing/ibiw i.JPG,deleted_from_code,CDN 200; removed from code repo
delete,C:\active_projects\mbu\website_build\mbu-website\assets\img\clothing\ibiw j.JPG,https://mbu-assets.vercel.app/img/clothing/ibiw j.JPG,deleted_from_code,CDN 200; removed from code repo
delete,C:\active_projects\mbu\website_build\mbu-website\assets\img\clothing\MBU a.JPG,https://mbu-assets.vercel.app/img/clothing/MBU a.JPG,deleted_from_code,CDN 200; removed from code repo
delete,C:\active_projects\mbu\website_build\mbu-website\assets\img\clothing\mbu c.JPG,https://mbu-assets.vercel.app/img/clothing/mbu c.JPG,deleted_from_code,CDN 200; removed from code repo
delete,C:\active_projects\mbu\website_build\mbu-website\assets\img\clothing\mbu d.JPG,https://mbu-assets.vercel.app/img/clothing/mbu d.JPG,deleted_from_code,CDN 200; removed from code repo
delete,C:\active_projects\mbu\website_build\mbu-website\assets\img\clothing\mbu e.JPG,https://mbu-assets.vercel.app/img/clothing/mbu e.JPG,deleted_from_code,CDN 200; removed from code repo
delete,C:\active_projects\mbu\website_build\mbu-website\assets\img\clothing\MBU f.JPG,https://mbu-assets.vercel.app/img/clothing/MBU f.JPG,deleted_from_code,CDN 200; removed from code repo
delete,C:\active_projects\mbu\website_build\mbu-website\assets\img\clothing\mbu g.JPG,https://mbu-assets.vercel.app/img/clothing/mbu g.JPG,deleted_from_code,CDN 200; removed from code repo
delete,C:\active_projects\mbu\website_build\mbu-website\assets\img\clothing\mbu h.JPG,https://mbu-assets.vercel.app/img/clothing/mbu h.JPG,deleted_from_code,CDN 200; removed from code repo
delete,C:\active_projects\mbu\website_build\mbu-website\assets\img\findbruno\v1\cover.jpg,https://mbu-assets.vercel.app/img/findbruno/v1/cover.jpg,deleted_from_code,CDN 200; removed from code repo
delete,C:\active_projects\mbu\website_build\mbu-website\assets\img\findbruno\v1\instructions.jpg,https://mbu-assets.vercel.app/img/findbruno/v1/instructions.jpg,deleted_from_code,CDN 200; removed from code repo
delete,C:\active_projects\mbu\website_build\mbu-website\assets\img\findbruno\v1\puzzle.jpg,https://mbu-assets.vercel.app/img/findbruno/v1/puzzle.jpg,deleted_from_code,CDN 200; removed from code repo
delete,C:\active_projects\mbu\website_build\mbu-website\assets\img\findbruno\v1\solution.jpg,https://mbu-assets.vercel.app/img/findbruno/v1/solution.jpg,deleted_from_code,CDN 200; removed from code repo
delete,C:\active_projects\mbu\website_build\mbu-website\assets\img\findbruno\v2\cover.jpg,https://mbu-assets.vercel.app/img/findbruno/v2/cover.jpg,deleted_from_code,CDN 200; removed from code repo
delete,C:\active_projects\mbu\website_build\mbu-website\assets\img\findbruno\v2\instructions.jpg,https://mbu-assets.vercel.app/img/findbruno/v2/instructions.jpg,deleted_from_code,CDN 200; removed from code repo
delete,C:\active_projects\mbu\website_build\mbu-website\assets\img\findbruno\v2\puzzle.jpg,https://mbu-assets.vercel.app/img/findbruno/v2/puzzle.jpg,deleted_from_code,CDN 200; removed from code repo
delete,C:\active_projects\mbu\website_build\mbu-website\assets\img\findbruno\v2\solution.jpg,https://mbu-assets.vercel.app/img/findbruno/v2/solution.jpg,deleted_from_code,CDN 200; removed from code repo
delete,C:\active_projects\mbu\website_build\mbu-website\assets\img\findbruno\v3\cover.jpg,https://mbu-assets.vercel.app/img/findbruno/v3/cover.jpg,deleted_from_code,CDN 200; removed from code repo
delete,C:\active_projects\mbu\website_build\mbu-website\assets\img\findbruno\v3\instructions.jpg,https://mbu-assets.vercel.app/img/findbruno/v3/instructions.jpg,deleted_from_code,CDN 200; removed from code repo
delete,C:\active_projects\mbu\website_build\mbu-website\assets\img\findbruno\v3\puzzle.jpg,https://mbu-assets.vercel.app/img/findbruno/v3/puzzle.jpg,deleted_from_code,CDN 200; removed from code repo
delete,C:\active_projects\mbu\website_build\mbu-website\assets\img\findbruno\v3\solution.jpg,https://mbu-assets.vercel.app/img/findbruno/v3/solution.jpg,deleted_from_code,CDN 200; removed from code repo
delete,C:\active_projects\mbu\website_build\mbu-website\assets\img\findbruno\v4\cover.jpg,https://mbu-assets.vercel.app/img/findbruno/v4/cover.jpg,deleted_from_code,CDN 200; removed from code repo
delete,C:\active_projects\mbu\website_build\mbu-website\assets\img\findbruno\v4\instructions.jpg,https://mbu-assets.vercel.app/img/findbruno/v4/instructions.jpg,deleted_from_code,CDN 200; removed from code repo
delete,C:\active_projects\mbu\website_build\mbu-website\assets\img\findbruno\v4\puzzle.jpg,https://mbu-assets.vercel.app/img/findbruno/v4/puzzle.jpg,deleted_from_code,CDN 200; removed from code repo
delete,C:\active_projects\mbu\website_build\mbu-website\assets\img\findbruno\v4\solution.jpg,https://mbu-assets.vercel.app/img/findbruno/v4/solution.jpg,deleted_from_code,CDN 200; removed from code repo
delete,C:\active_projects\mbu\website_build\mbu-website\assets\img\homepage\action_plan_left.jpg,https://mbu-assets.vercel.app/img/homepage/action_plan_left.jpg,deleted_from_code,CDN 200; removed from code repo
delete,C:\active_projects\mbu\website_build\mbu-website\assets\img\homepage\action_plan_right.jpg,https://mbu-assets.vercel.app/img/homepage/action_plan_right.jpg,deleted_from_code,CDN 200; removed from code repo
delete,C:\active_projects\mbu\website_build\mbu-website\assets\img\homepage\books.jpg,https://mbu-assets.vercel.app/img/homepage/books.jpg,deleted_from_code,CDN 200; removed from code repo
delete,C:\active_projects\mbu\website_build\mbu-website\assets\img\homepage\clothing_custom.jpg,https://mbu-assets.vercel.app/img/homepage/clothing_custom.jpg,deleted_from_code,CDN 200; removed from code repo
delete,C:\active_projects\mbu\website_build\mbu-website\assets\img\homepage\logo.jpg,https://mbu-assets.vercel.app/img/homepage/logo.jpg,deleted_from_code,CDN 200; removed from code repo
delete,C:\active_projects\mbu\website_build\mbu-website\assets\img\homepage\songs.jpg,https://mbu-assets.vercel.app/img/homepage/songs.jpg,deleted_from_code,CDN 200; removed from code repo
delete,C:\active_projects\mbu\website_build\mbu-website\assets\img\homepage\woodworking.jpg,https://mbu-assets.vercel.app/img/homepage/woodworking.jpg,deleted_from_code,CDN 200; removed from code repo
delete,C:\active_projects\mbu\website_build\mbu-website\assets\img\homepage\clothing_home\clothing_home_1.jpg,https://mbu-assets.vercel.app/img/homepage/clothing_home/clothing_home_1.jpg,deleted_from_code,CDN 200; removed from code repo
delete,C:\active_projects\mbu\website_build\mbu-website\assets\img\homepage\clothing_home\clothing_home_2.jpg,https://mbu-assets.vercel.app/img/homepage/clothing_home/clothing_home_2.jpg,deleted_from_code,CDN 200; removed from code repo
delete,C:\active_projects\mbu\website_build\mbu-website\assets\img\homepage\clothing_home\clothing_home_3.jpg,https://mbu-assets.vercel.app/img/homepage/clothing_home/clothing_home_3.jpg,deleted_from_code,CDN 200; removed from code repo
delete,C:\active_projects\mbu\website_build\mbu-website\assets\img\homepage\clothing_home\clothing_home_4.jpg,https://mbu-assets.vercel.app/img/homepage/clothing_home/clothing_home_4.jpg,deleted_from_code,CDN 200; removed from code repo
delete,C:\active_projects\mbu\website_build\mbu-website\assets\img\homepage\find_bruno\V1 Cover.jpg,https://mbu-assets.vercel.app/img/homepage/find_bruno/V1 Cover.jpg,deleted_from_code,CDN 200; removed from code repo
delete,C:\active_projects\mbu\website_build\mbu-website\assets\img\homepage\find_bruno\V2 Cover.jpg,https://mbu-assets.vercel.app/img/homepage/find_bruno/V2 Cover.jpg,deleted_from_code,CDN 200; removed from code repo
delete,C:\active_projects\mbu\website_build\mbu-website\assets\img\homepage\find_bruno\V3 Cover.jpg,https://mbu-assets.vercel.app/img/homepage/find_bruno/V3 Cover.jpg,deleted_from_code,CDN 200; removed from code repo
delete,C:\active_projects\mbu\website_build\mbu-website\assets\img\homepage\find_bruno\V4 Cover.jpg,https://mbu-assets.vercel.app/img/homepage/find_bruno/V4 Cover.jpg,deleted_from_code,CDN 200; removed from code repo
delete,C:\active_projects\mbu\website_build\mbu-website\assets\img\songs\MBU 002.jpg,https://mbu-assets.vercel.app/img/songs/MBU 002.jpg,deleted_from_code,CDN 200; removed from code repo
delete,C:\active_projects\mbu\website_build\mbu-website\assets\img\songs\MBU 003.jpg,https://mbu-assets.vercel.app/img/songs/MBU 003.jpg,deleted_from_code,CDN 200; removed from code repo
delete,C:\active_projects\mbu\website_build\mbu-website\assets\img\songs\MBU 004.jpg,https://mbu-assets.vercel.app/img/songs/MBU 004.jpg,deleted_from_code,CDN 200; removed from code repo
delete,C:\active_projects\mbu\website_build\mbu-website\assets\img\songs\MBU 005.jpg,https://mbu-assets.vercel.app/img/songs/MBU 005.jpg,deleted_from_code,CDN 200; removed from code repo
delete,C:\active_projects\mbu\website_build\mbu-website\assets\img\songs\MBU 006.JPG,https://mbu-assets.vercel.app/img/songs/MBU 006.JPG,deleted_from_code,CDN 200; removed from code repo
delete,C:\active_projects\mbu\website_build\mbu-website\assets\img\songs\MBU 007.JPG,https://mbu-assets.vercel.app/img/songs/MBU 007.JPG,deleted_from_code,CDN 200; removed from code repo
delete,C:\active_projects\mbu\website_build\mbu-website\assets\img\songs\MBU 010a.JPG,https://mbu-assets.vercel.app/img/songs/MBU 010a.JPG,deleted_from_code,CDN 200; removed from code repo
delete,C:\active_projects\mbu\website_build\mbu-website\assets\img\songs\MBU 010b.jpg,https://mbu-assets.vercel.app/img/songs/MBU 010b.jpg,deleted_from_code,CDN 200; removed from code repo
delete,C:\active_projects\mbu\website_build\mbu-website\assets\img\songs\MBU 010c.JPG,https://mbu-assets.vercel.app/img/songs/MBU 010c.JPG,deleted_from_code,CDN 200; removed from code repo
delete,C:\active_projects\mbu\website_build\mbu-website\assets\img\songs\MBU 011.jpg,https://mbu-assets.vercel.app/img/songs/MBU 011.jpg,deleted_from_code,CDN 200; removed from code repo
delete,C:\active_projects\mbu\website_build\mbu-website\assets\img\songs\MBU 011a.jpg,https://mbu-assets.vercel.app/img/songs/MBU 011a.jpg,deleted_from_code,CDN 200; removed from code repo
delete,C:\active_projects\mbu\website_build\mbu-website\assets\img\songs\MBU 017.JPG,https://mbu-assets.vercel.app/img/songs/MBU 017.JPG,deleted_from_code,CDN 200; removed from code repo
delete,C:\active_projects\mbu\website_build\mbu-website\assets\img\songs\MBU 019.JPG,https://mbu-assets.vercel.app/img/songs/MBU 019.JPG,deleted_from_code,CDN 200; removed from code repo
delete,C:\active_projects\mbu\website_build\mbu-website\assets\img\songs\MBU 019a.JPG,https://mbu-assets.vercel.app/img/songs/MBU 019a.JPG,deleted_from_code,CDN 200; removed from code repo
delete,C:\active_projects\mbu\website_build\mbu-website\assets\img\songs\MBU 021.JPG,https://mbu-assets.vercel.app/img/songs/MBU 021.JPG,deleted_from_code,CDN 200; removed from code repo
delete,C:\active_projects\mbu\website_build\mbu-website\assets\img\songs\MBU 024.jpg,https://mbu-assets.vercel.app/img/songs/MBU 024.jpg,deleted_from_code,CDN 200; removed from code repo
delete,C:\active_projects\mbu\website_build\mbu-website\assets\img\songs\MBU 029a.jpg,https://mbu-assets.vercel.app/img/songs/MBU 029a.jpg,deleted_from_code,CDN 200; removed from code repo
delete,C:\active_projects\mbu\website_build\mbu-website\assets\img\story\Magnificent Michigan Epoxy Table 001.jpg,https://mbu-assets.vercel.app/img/story/Magnificent Michigan Epoxy Table 001.jpg,deleted_from_code,CDN 200; removed from code repo
delete,C:\active_projects\mbu\website_build\mbu-website\assets\img\story\Magnificent Michigan Epoxy Table 003.JPG,https://mbu-assets.vercel.app/img/story/Magnificent Michigan Epoxy Table 003.JPG,deleted_from_code,CDN 200; removed from code repo
delete,C:\active_projects\mbu\website_build\mbu-website\assets\img\story\Magnificent Michigan Epoxy Table 005.jpg,https://mbu-assets.vercel.app/img/story/Magnificent Michigan Epoxy Table 005.jpg,deleted_from_code,CDN 200; removed from code repo
delete,C:\active_projects\mbu\website_build\mbu-website\assets\img\story\Magnificent Michigan Epoxy Table 006.JPG,https://mbu-assets.vercel.app/img/story/Magnificent Michigan Epoxy Table 006.JPG,deleted_from_code,CDN 200; removed from code repo
delete,C:\active_projects\mbu\website_build\mbu-website\assets\img\story\Magnificent Michigan Epoxy Table 007.JPG,https://mbu-assets.vercel.app/img/story/Magnificent Michigan Epoxy Table 007.JPG,deleted_from_code,CDN 200; removed from code repo
delete,C:\active_projects\mbu\website_build\mbu-website\assets\img\story\Magnificent Michigan Epoxy Table 008.JPG,https://mbu-assets.vercel.app/img/story/Magnificent Michigan Epoxy Table 008.JPG,deleted_from_code,CDN 200; removed from code repo
delete,C:\active_projects\mbu\website_build\mbu-website\assets\img\story\Magnificent Michigan Epoxy Table 009.JPG,https://mbu-assets.vercel.app/img/story/Magnificent Michigan Epoxy Table 009.JPG,deleted_from_code,CDN 200; removed from code repo
delete,C:\active_projects\mbu\website_build\mbu-website\assets\img\woodworking\Logo 1 use as 2nd.jpg,https://mbu-assets.vercel.app/img/woodworking/Logo 1 use as 2nd.jpg,deleted_from_code,CDN 200; removed from code repo
delete,C:\active_projects\mbu\website_build\mbu-website\assets\img\woodworking\Logo 1 use as main.jpg,https://mbu-assets.vercel.app/img/woodworking/Logo 1 use as main.jpg,deleted_from_code,CDN 200; removed from code repo
delete,C:\active_projects\mbu\website_build\mbu-website\assets\img\woodworking\Magnificent Michigan Epoxy Table 001.jpg,https://mbu-assets.vercel.app/img/woodworking/Magnificent Michigan Epoxy Table 001.jpg,deleted_from_code,CDN 200; removed from code repo
delete,C:\active_projects\mbu\website_build\mbu-website\assets\img\woodworking\Magnificent Michigan Epoxy Table 003.JPG,https://mbu-assets.vercel.app/img/woodworking/Magnificent Michigan Epoxy Table 003.JPG,deleted_from_code,CDN 200; removed from code repo
delete,C:\active_projects\mbu\website_build\mbu-website\assets\img\woodworking\Magnificent Michigan Epoxy Table 005.jpg,https://mbu-assets.vercel.app/img/woodworking/Magnificent Michigan Epoxy Table 005.jpg,deleted_from_code,CDN 200; removed from code repo
delete,C:\active_projects\mbu\website_build\mbu-website\assets\img\woodworking\Magnificent Michigan Epoxy Table 006.JPG,https://mbu-assets.vercel.app/img/woodworking/Magnificent Michigan Epoxy Table 006.JPG,deleted_from_code,CDN 200; removed from code repo
delete,C:\active_projects\mbu\website_build\mbu-website\assets\img\woodworking\Magnificent Michigan Epoxy Table 007.JPG,https://mbu-assets.vercel.app/img/woodworking/Magnificent Michigan Epoxy Table 007.JPG,deleted_from_code,CDN 200; removed from code repo
delete,C:\active_projects\mbu\website_build\mbu-website\assets\img\woodworking\Magnificent Michigan Epoxy Table 008.JPG,https://mbu-assets.vercel.app/img/woodworking/Magnificent Michigan Epoxy Table 008.JPG,deleted_from_code,CDN 200; removed from code repo
delete,C:\active_projects\mbu\website_build\mbu-website\assets\img\woodworking\Magnificent Michigan Epoxy Table 009.JPG,https://mbu-assets.vercel.app/img/woodworking/Magnificent Michigan Epoxy Table 009.JPG,deleted_from_code,CDN 200; removed from code repo
delete,C:\active_projects\mbu\website_build\mbu-website\assets\img\woodworking\Magnificent Michigan Epoxy Table 010.JPG,https://mbu-assets.vercel.app/img/woodworking/Magnificent Michigan Epoxy Table 010.JPG,deleted_from_code,CDN 200; removed from code repo
delete,C:\active_projects\mbu\website_build\mbu-website\assets\img\woodworking\Magnificent Michigan Epoxy Table 011.JPG,https://mbu-assets.vercel.app/img/woodworking/Magnificent Michigan Epoxy Table 011.JPG,deleted_from_code,CDN 200; removed from code repo
delete,C:\active_projects\mbu\website_build\mbu-website\assets\img\woodworking\Magnificent Michigan Epoxy Table 012.JPG,https://mbu-assets.vercel.app/img/woodworking/Magnificent Michigan Epoxy Table 012.JPG,deleted_from_code,CDN 200; removed from code repo
delete,C:\active_projects\mbu\website_build\mbu-website\assets\img\woodworking\Magnificent Michigan Epoxy Table 013.JPG,https://mbu-assets.vercel.app/img/woodworking/Magnificent Michigan Epoxy Table 013.JPG,deleted_from_code,CDN 200; removed from code repo
delete,C:\active_projects\mbu\website_build\mbu-website\assets\img\woodworking\Magnificent Michigan Epoxy Table 014.jpg,https://mbu-assets.vercel.app/img/woodworking/Magnificent Michigan Epoxy Table 014.jpg,deleted_from_code,CDN 200; removed from code repo
delete,C:\active_projects\mbu\website_build\mbu-website\assets\img\woodworking\Magnificent Michigan Epoxy Table 015.jpg,https://mbu-assets.vercel.app/img/woodworking/Magnificent Michigan Epoxy Table 015.jpg,deleted_from_code,CDN 200; removed from code repo
delete,C:\active_projects\mbu\website_build\mbu-website\assets\img\woodworking\Magnificent Michigan Epoxy Table 016.jpg,https://mbu-assets.vercel.app/img/woodworking/Magnificent Michigan Epoxy Table 016.jpg,deleted_from_code,CDN 200; removed from code repo
delete,C:\active_projects\mbu\website_build\mbu-website\assets\img\woodworking\Magnificent Michigan Epoxy Table 017.JPG,https://mbu-assets.vercel.app/img/woodworking/Magnificent Michigan Epoxy Table 017.JPG,deleted_from_code,CDN 200; removed from code repo
delete,C:\active_projects\mbu\website_build\mbu-website\assets\img\woodworking\Magnificent Michigan Epoxy Table 018.JPG,https://mbu-assets.vercel.app/img/woodworking/Magnificent Michigan Epoxy Table 018.JPG,deleted_from_code,CDN 200; removed from code repo
delete,C:\active_projects\mbu\website_build\mbu-website\assets\img\woodworking\Magnificent Michigan Epoxy Table 019.JPG,https://mbu-assets.vercel.app/img/woodworking/Magnificent Michigan Epoxy Table 019.JPG,deleted_from_code,CDN 200; removed from code repo
delete,C:\active_projects\mbu\website_build\mbu-website\assets\img\woodworking\Magnificent Michigan Epoxy Table 020.JPG,https://mbu-assets.vercel.app/img/woodworking/Magnificent Michigan Epoxy Table 020.JPG,deleted_from_code,CDN 200; removed from code repo
delete,C:\active_projects\mbu\website_build\mbu-website\assets\img\woodworking\Magnificent Michigan Epoxy Table 021.JPG,https://mbu-assets.vercel.app/img/woodworking/Magnificent Michigan Epoxy Table 021.JPG,deleted_from_code,CDN 200; removed from code repo
delete,C:\active_projects\mbu\website_build\mbu-website\assets\img\woodworking\Magnificent Michigan Epoxy Table 022.JPG,https://mbu-assets.vercel.app/img/woodworking/Magnificent Michigan Epoxy Table 022.JPG,deleted_from_code,CDN 200; removed from code repo
delete,C:\active_projects\mbu\website_build\mbu-website\assets\img\woodworking\Magnificent Michigan Epoxy Table 023.JPG,https://mbu-assets.vercel.app/img/woodworking/Magnificent Michigan Epoxy Table 023.JPG,deleted_from_code,CDN 200; removed from code repo
delete,C:\active_projects\mbu\website_build\mbu-website\assets\img\woodworking\Magnificent Michigan Epoxy Table 024.JPG,https://mbu-assets.vercel.app/img/woodworking/Magnificent Michigan Epoxy Table 024.JPG,deleted_from_code,CDN 200; removed from code repo
delete,C:\active_projects\mbu\website_build\mbu-website\assets\img\woodworking\Magnificent Michigan Epoxy Table 025.jpg,https://mbu-assets.vercel.app/img/woodworking/Magnificent Michigan Epoxy Table 025.jpg,deleted_from_code,CDN 200; removed from code repo
delete,C:\active_projects\mbu\website_build\mbu-website\assets\img\woodworking\Magnificent Michigan Epoxy Table 026.jpg,https://mbu-assets.vercel.app/img/woodworking/Magnificent Michigan Epoxy Table 026.jpg,deleted_from_code,CDN 200; removed from code repo
delete,C:\active_projects\mbu\website_build\mbu-website\assets\img\woodworking\Magnificent Michigan Epoxy Table 027.JPG,https://mbu-assets.vercel.app/img/woodworking/Magnificent Michigan Epoxy Table 027.JPG,deleted_from_code,CDN 200; removed from code repo
delete,C:\active_projects\mbu\website_build\mbu-website\assets\img\woodworking\Magnificent Michigan Epoxy Table 028.JPG,https://mbu-assets.vercel.app/img/woodworking/Magnificent Michigan Epoxy Table 028.JPG,deleted_from_code,CDN 200; removed from code repo
delete,C:\active_projects\mbu\website_build\mbu-website\assets\img\woodworking\Magnificent Michigan Epoxy Table 029.JPG,https://mbu-assets.vercel.app/img/woodworking/Magnificent Michigan Epoxy Table 029.JPG,deleted_from_code,CDN 200; removed from code repo
delete,C:\active_projects\mbu\website_build\mbu-website\assets\img\woodworking\Magnificent Michigan Epoxy Table 030.JPG,https://mbu-assets.vercel.app/img/woodworking/Magnificent Michigan Epoxy Table 030.JPG,deleted_from_code,CDN 200; removed from code repo
delete,C:\active_projects\mbu\website_build\mbu-website\assets\img\woodworking\Magnificent Michigan Epoxy Table 031.JPG,https://mbu-assets.vercel.app/img/woodworking/Magnificent Michigan Epoxy Table 031.JPG,deleted_from_code,CDN 200; removed from code repo
delete,C:\active_projects\mbu\website_build\mbu-website\assets\img\woodworking\Magnificent Michigan Epoxy Table 032.JPG,https://mbu-assets.vercel.app/img/woodworking/Magnificent Michigan Epoxy Table 032.JPG,deleted_from_code,CDN 200; removed from code repo
delete,C:\active_projects\mbu\website_build\mbu-website\assets\img\woodworking\Magnificent Michigan Epoxy Table 033.JPG,https://mbu-assets.vercel.app/img/woodworking/Magnificent Michigan Epoxy Table 033.JPG,deleted_from_code,CDN 200; removed from code repo
delete,C:\active_projects\mbu\website_build\mbu-website\assets\img\woodworking\Magnificent Michigan Epoxy Table 034.JPG,https://mbu-assets.vercel.app/img/woodworking/Magnificent Michigan Epoxy Table 034.JPG,deleted_from_code,CDN 200; removed from code repo
delete,C:\active_projects\mbu\website_build\mbu-website\assets\img\woodworking\Magnificent Michigan Epoxy Table 035.JPG,https://mbu-assets.vercel.app/img/woodworking/Magnificent Michigan Epoxy Table 035.JPG,deleted_from_code,CDN 200; removed from code repo
delete,C:\active_projects\mbu\website_build\mbu-website\assets\img\woodworking\Magnificent Michigan Epoxy Table 036.JPG,https://mbu-assets.vercel.app/img/woodworking/Magnificent Michigan Epoxy Table 036.JPG,deleted_from_code,CDN 200; removed from code repo
delete,C:\active_projects\mbu\website_build\mbu-website\assets\img\woodworking\Magnificent Michigan Epoxy Table 037.JPG,https://mbu-assets.vercel.app/img/woodworking/Magnificent Michigan Epoxy Table 037.JPG,deleted_from_code,CDN 200; removed from code repo
delete,C:\active_projects\mbu\website_build\mbu-website\assets\img\woodworking\Magnificent Michigan Epoxy Table 039.jpg,https://mbu-assets.vercel.app/img/woodworking/Magnificent Michigan Epoxy Table 039.jpg,deleted_from_code,CDN 200; removed from code repo
delete,C:\active_projects\mbu\website_build\mbu-website\assets\img\woodworking\Magnificent Michigan Epoxy Table 040.jpg,https://mbu-assets.vercel.app/img/woodworking/Magnificent Michigan Epoxy Table 040.jpg,deleted_from_code,CDN 200; removed from code repo
delete,C:\active_projects\mbu\website_build\mbu-website\assets\img\woodworking\Magnificent Michigan Epoxy Table 041.JPG,https://mbu-assets.vercel.app/img/woodworking/Magnificent Michigan Epoxy Table 041.JPG,deleted_from_code,CDN 200; removed from code repo
delete,C:\active_projects\mbu\website_build\mbu-website\assets\img\woodworking\Magnificent Michigan Epoxy Table 042.JPG,https://mbu-assets.vercel.app/img/woodworking/Magnificent Michigan Epoxy Table 042.JPG,deleted_from_code,CDN 200; removed from code repo
delete,C:\active_projects\mbu\website_build\mbu-website\assets\img\woodworking\Magnificent Michigan Epoxy Table 043.JPG,https://mbu-assets.vercel.app/img/woodworking/Magnificent Michigan Epoxy Table 043.JPG,deleted_from_code,CDN 200; removed from code repo
delete,C:\active_projects\mbu\website_build\mbu-website\assets\img\woodworking\Magnificent Michigan Epoxy Table 044.jpg,https://mbu-assets.vercel.app/img/woodworking/Magnificent Michigan Epoxy Table 044.jpg,deleted_from_code,CDN 200; removed from code repo
delete,C:\active_projects\mbu\website_build\mbu-website\assets\img\woodworking\Magnificent Michigan Epoxy Table 045.jpg,https://mbu-assets.vercel.app/img/woodworking/Magnificent Michigan Epoxy Table 045.jpg,deleted_from_code,CDN 200; removed from code repo
delete,C:\active_projects\mbu\website_build\mbu-website\assets\img\woodworking\Magnificent Michigan Epoxy Table 046.jpg,https://mbu-assets.vercel.app/img/woodworking/Magnificent Michigan Epoxy Table 046.jpg,deleted_from_code,CDN 200; removed from code repo
delete,C:\active_projects\mbu\website_build\mbu-website\assets\img\woodworking\Magnificent Michigan Epoxy Table 047.jpg,https://mbu-assets.vercel.app/img/woodworking/Magnificent Michigan Epoxy Table 047.jpg,deleted_from_code,CDN 200; removed from code repo
delete,C:\active_projects\mbu\website_build\mbu-website\assets\img\woodworking\Magnificent Michigan Epoxy Table 048.jpg,https://mbu-assets.vercel.app/img/woodworking/Magnificent Michigan Epoxy Table 048.jpg,deleted_from_code,CDN 200; removed from code repo
delete,C:\active_projects\mbu\website_build\mbu-website\assets\img\woodworking\Magnificent Michigan Epoxy Table 049.jpg,https://mbu-assets.vercel.app/img/woodworking/Magnificent Michigan Epoxy Table 049.jpg,deleted_from_code,CDN 200; removed from code repo
delete,C:\active_projects\mbu\website_build\mbu-website\assets\img\woodworking\Magnificent Michigan Epoxy Table 050.JPG,https://mbu-assets.vercel.app/img/woodworking/Magnificent Michigan Epoxy Table 050.JPG,deleted_from_code,CDN 200; removed from code repo
delete,C:\active_projects\mbu\website_build\mbu-website\assets\img\woodworking\Magnificent Michigan Epoxy Table 051.JPG,https://mbu-assets.vercel.app/img/woodworking/Magnificent Michigan Epoxy Table 051.JPG,deleted_from_code,CDN 200; removed from code repo
delete,C:\active_projects\mbu\website_build\mbu-website\assets\img\woodworking\Magnificent Michigan Epoxy Table 052.jpg,https://mbu-assets.vercel.app/img/woodworking/Magnificent Michigan Epoxy Table 052.jpg,deleted_from_code,CDN 200; removed from code repo
delete,C:\active_projects\mbu\website_build\mbu-website\assets\img\woodworking\Magnificent Michigan Epoxy Table 053.JPG,https://mbu-assets.vercel.app/img/woodworking/Magnificent Michigan Epoxy Table 053.JPG,deleted_from_code,CDN 200; removed from code repo
delete,C:\active_projects\mbu\website_build\mbu-website\assets\img\woodworking\Magnificent Michigan Epoxy Table 054.jpg,https://mbu-assets.vercel.app/img/woodworking/Magnificent Michigan Epoxy Table 054.jpg,deleted_from_code,CDN 200; removed from code repo
delete,C:\active_projects\mbu\website_build\mbu-website\assets\img\woodworking\Magnificent Michigan Epoxy Table 055.jpg,https://mbu-assets.vercel.app/img/woodworking/Magnificent Michigan Epoxy Table 055.jpg,deleted_from_code,CDN 200; removed from code repo
delete,C:\active_projects\mbu\website_build\mbu-website\assets\img\woodworking\Magnificent Michigan Epoxy Table 056.jpg,https://mbu-assets.vercel.app/img/woodworking/Magnificent Michigan Epoxy Table 056.jpg,deleted_from_code,CDN 200; removed from code repo
delete,C:\active_projects\mbu\website_build\mbu-website\assets\img\woodworking\Magnificent Michigan Epoxy Table 057.jpg,https://mbu-assets.vercel.app/img/woodworking/Magnificent Michigan Epoxy Table 057.jpg,deleted_from_code,CDN 200; removed from code repo
delete,C:\active_projects\mbu\website_build\mbu-website\assets\img\woodworking\Magnificent Michigan Epoxy Table 058.jpg,https://mbu-assets.vercel.app/img/woodworking/Magnificent Michigan Epoxy Table 058.jpg,deleted_from_code,CDN 200; removed from code repo
delete,C:\active_projects\mbu\website_build\mbu-website\assets\img\woodworking\Magnificent Michigan Epoxy Table 059.JPG,https://mbu-assets.vercel.app/img/woodworking/Magnificent Michigan Epoxy Table 059.JPG,deleted_from_code,CDN 200; removed from code repo
delete,C:\active_projects\mbu\website_build\mbu-website\assets\img\woodworking\Magnificent Michigan Epoxy Table 060.JPG,https://mbu-assets.vercel.app/img/woodworking/Magnificent Michigan Epoxy Table 060.JPG,deleted_from_code,CDN 200; removed from code repo
delete,C:\active_projects\mbu\website_build\mbu-website\assets\img\woodworking\Magnificent Michigan Epoxy Table 062.jpg,https://mbu-assets.vercel.app/img/woodworking/Magnificent Michigan Epoxy Table 062.jpg,deleted_from_code,CDN 200; removed from code repo
delete,C:\active_projects\mbu\website_build\mbu-website\assets\img\woodworking\Magnificent Michigan Epoxy Table 063.jpg,https://mbu-assets.vercel.app/img/woodworking/Magnificent Michigan Epoxy Table 063.jpg,deleted_from_code,CDN 200; removed from code repo
delete,C:\active_projects\mbu\website_build\mbu-website\assets\img\woodworking\Magnificent Michigan Epoxy Table 064.JPG,https://mbu-assets.vercel.app/img/woodworking/Magnificent Michigan Epoxy Table 064.JPG,deleted_from_code,CDN 200; removed from code repo
delete,C:\active_projects\mbu\website_build\mbu-website\assets\img\woodworking\Magnificent Michigan Epoxy Table 065.JPG,https://mbu-assets.vercel.app/img/woodworking/Magnificent Michigan Epoxy Table 065.JPG,deleted_from_code,CDN 200; removed from code repo
delete,C:\active_projects\mbu\website_build\mbu-website\assets\img\woodworking\Magnificent Michigan Epoxy Table 066.JPG,https://mbu-assets.vercel.app/img/woodworking/Magnificent Michigan Epoxy Table 066.JPG,deleted_from_code,CDN 200; removed from code repo
delete,C:\active_projects\mbu\website_build\mbu-website\assets\img\woodworking\Magnificent Michigan Epoxy Table 067.JPG,https://mbu-assets.vercel.app/img/woodworking/Magnificent Michigan Epoxy Table 067.JPG,deleted_from_code,CDN 200; removed from code repo
delete,C:\active_projects\mbu\website_build\mbu-website\assets\img\woodworking\Magnificent Michigan Epoxy Table 068.JPG,https://mbu-assets.vercel.app/img/woodworking/Magnificent Michigan Epoxy Table 068.JPG,deleted_from_code,CDN 200; removed from code repo
delete,C:\active_projects\mbu\website_build\mbu-website\assets\img\woodworking\Magnificent Michigan Epoxy Table 069.JPG,https://mbu-assets.vercel.app/img/woodworking/Magnificent Michigan Epoxy Table 069.JPG,deleted_from_code,CDN 200; removed from code repo
delete,C:\active_projects\mbu\website_build\mbu-website\assets\img\woodworking\Magnificent Michigan Epoxy Table 070.JPG,https://mbu-assets.vercel.app/img/woodworking/Magnificent Michigan Epoxy Table 070.JPG,deleted_from_code,CDN 200; removed from code repo
delete,C:\active_projects\mbu\website_build\mbu-website\assets\img\woodworking\Magnificent Michigan Epoxy Table 071.JPG,https://mbu-assets.vercel.app/img/woodworking/Magnificent Michigan Epoxy Table 071.JPG,deleted_from_code,CDN 200; removed from code repo
delete,C:\active_projects\mbu\website_build\mbu-website\assets\img\woodworking\Magnificent Michigan Epoxy Table 072.JPG,https://mbu-assets.vercel.app/img/woodworking/Magnificent Michigan Epoxy Table 072.JPG,deleted_from_code,CDN 200; removed from code repo
delete,C:\active_projects\mbu\website_build\mbu-website\assets\img\woodworking\Magnificent Michigan Epoxy Table 073.JPG,https://mbu-assets.vercel.app/img/woodworking/Magnificent Michigan Epoxy Table 073.JPG,deleted_from_code,CDN 200; removed from code repo
delete,C:\active_projects\mbu\website_build\mbu-website\assets\img\woodworking\Magnificent Michigan Epoxy Table 074.JPG,https://mbu-assets.vercel.app/img/woodworking/Magnificent Michigan Epoxy Table 074.JPG,deleted_from_code,CDN 200; removed from code repo
delete,C:\active_projects\mbu\website_build\mbu-website\assets\img\woodworking\Magnificent Michigan Epoxy Table 075.JPG,https://mbu-assets.vercel.app/img/woodworking/Magnificent Michigan Epoxy Table 075.JPG,deleted_from_code,CDN 200; removed from code repo
delete,C:\active_projects\mbu\website_build\mbu-website\assets\img\woodworking\Magnificent Michigan Epoxy Table 076.JPG,https://mbu-assets.vercel.app/img/woodworking/Magnificent Michigan Epoxy Table 076.JPG,deleted_from_code,CDN 200; removed from code repo
delete,C:\active_projects\mbu\website_build\mbu-website\assets\img\woodworking\Magnificent Michigan Epoxy Table 077.JPG,https://mbu-assets.vercel.app/img/woodworking/Magnificent Michigan Epoxy Table 077.JPG,deleted_from_code,CDN 200; removed from code repo
delete,C:\active_projects\mbu\website_build\mbu-website\assets\img\woodworking\Magnificent Michigan Epoxy Table 078.jpg,https://mbu-assets.vercel.app/img/woodworking/Magnificent Michigan Epoxy Table 078.jpg,deleted_from_code,CDN 200; removed from code repo
delete,C:\active_projects\mbu\website_build\mbu-website\assets\img\woodworking\Magnificent Michigan Epoxy Table 079.jpg,https://mbu-assets.vercel.app/img/woodworking/Magnificent Michigan Epoxy Table 079.jpg,deleted_from_code,CDN 200; removed from code repo
delete,C:\active_projects\mbu\website_build\mbu-website\assets\img\woodworking\Magnificent Michigan Epoxy Table 080.jpg,https://mbu-assets.vercel.app/img/woodworking/Magnificent Michigan Epoxy Table 080.jpg,deleted_from_code,CDN 200; removed from code repo
delete,C:\active_projects\mbu\website_build\mbu-website\assets\img\story\Magnificent Michigan Epoxy Table 002.jpeg,https://mbu-assets.vercel.app/img/story/Magnificent Michigan Epoxy Table 002.jpeg,deleted_from_code,CDN 200; removed from code repo
delete,C:\active_projects\mbu\website_build\mbu-website\assets\img\woodworking\Magnificent Michigan Epoxy Table 002.jpeg,https://mbu-assets.vercel.app/img/woodworking/Magnificent Michigan Epoxy Table 002.jpeg,deleted_from_code,CDN 200; removed from code repo
